dataset,role,tissue/source,public_source,notes
SEA-AD MTG,primary discovery,middle temporal gyrus,CELLxGENE Census / SEA-AD,Donor-level astrocyte pseudobulk
SEA-AD DLPFC,within-atlas regional replication,dorsolateral prefrontal cortex,CELLxGENE Census / SEA-AD,Same fixed gene universe as MTG
GSE160936 EC,independent-cohort regional validation,entorhinal cortex,NCBI GEO GSE160936,6 AD / 6 controls
GSE160936 SSC,independent-cohort regional validation,somatosensory cortex,NCBI GEO GSE160936,6 AD / 6 controls
GSE157827,target-insulated confirmation,prefrontal cortex,NCBI GEO GSE157827,12 AD / 9 controls
GSE188545,prespecified external validation,middle temporal gyrus,NCBI GEO GSE188545,6 AD / 6 controls
GSE138852,prespecified external validation,entorhinal cortex,NCBI GEO GSE138852,"Donor identity reconstructed from author genotype-demultiplexed metadata; 6 AD / 6 controls"
GSE174367,prespecified external validation,prefrontal cortex,NCBI GEO GSE174367,11 AD / 7 controls
GSE268599,secondary neuropathology contextualization,"EC; ITG; PFC; V2; V1",AD Progression Atlas / NCBI GEO GSE268599,"Five regions from one multi-region study; portal-reported sample-level CREB5 outputs; not included in primary meta-analysis"
Human Protein Atlas,normal-brain cell-type contextualization,normal human brain single-nucleus resource,Human Protein Atlas,"CREB5 brain cluster specificity used descriptively; contextual resource rather than AD validation cohort"
Agora,bulk-AD and multi-omic contextualization,multiple human brain regions,Agora / AD Knowledge Portal,"Regional bulk RNA and resource-availability context; not treated as astrocyte-specific validation"
