Region,Log2_CPM,Resource,Domain,Gene,Evidence_origin,Use_in_manuscript,Access_date
ACC,4.99,Agora,Overall RNA expression,CREB5,Portal figure label,Contextual only,2026-09-27
CBE,4.68,Agora,Overall RNA expression,CREB5,Portal figure label,Contextual only,2026-09-27
DLPFC,4.8,Agora,Overall RNA expression,CREB5,Portal figure label,Contextual only,2026-09-27
FP,5.34,Agora,Overall RNA expression,CREB5,Portal figure label,Contextual only,2026-09-27
IFG,5.62,Agora,Overall RNA expression,CREB5,Portal figure label,Contextual only,2026-09-27
PCC,4.88,Agora,Overall RNA expression,CREB5,Portal figure label,Contextual only,2026-09-27
PHG,5.95,Agora,Overall RNA expression,CREB5,Portal figure label,Contextual only,2026-09-27
STG,5.7,Agora,Overall RNA expression,CREB5,Portal figure label,Contextual only,2026-09-27
TCX,5.44,Agora,Overall RNA expression,CREB5,Portal figure label,Contextual only,2026-09-27
