Region,CI_low,CI_high,Displayed_point_direction,CI_excludes_zero,Resource,Domain,Gene,Comparison,Exact_point_estimate_available,Evidence_origin,Use_in_manuscript,Access_date
ACC,-0.33,-0.084,negative,True,Agora,AD diagnosis RNA differential expression,CREB5,AD vs CN; males and females,False,Portal forest plot; printed CI endpoints and visually displayed point direction,Contextual only,2026-09-27
CBE,-0.23,0.16,negative,False,Agora,AD diagnosis RNA differential expression,CREB5,AD vs CN; males and females,False,Portal forest plot; printed CI endpoints and visually displayed point direction,Contextual only,2026-09-27
DLPFC,-0.0094,0.21,positive,False,Agora,AD diagnosis RNA differential expression,CREB5,AD vs CN; males and females,False,Portal forest plot; printed CI endpoints and visually displayed point direction,Contextual only,2026-09-27
FP,0.024,0.32,positive,True,Agora,AD diagnosis RNA differential expression,CREB5,AD vs CN; males and females,False,Portal forest plot; printed CI endpoints and visually displayed point direction,Contextual only,2026-09-27
IFG,0.036,0.34,positive,True,Agora,AD diagnosis RNA differential expression,CREB5,AD vs CN; males and females,False,Portal forest plot; printed CI endpoints and visually displayed point direction,Contextual only,2026-09-27
PCC,-0.069,0.19,positive,False,Agora,AD diagnosis RNA differential expression,CREB5,AD vs CN; males and females,False,Portal forest plot; printed CI endpoints and visually displayed point direction,Contextual only,2026-09-27
PHG,0.21,0.51,positive,True,Agora,AD diagnosis RNA differential expression,CREB5,AD vs CN; males and females,False,Portal forest plot; printed CI endpoints and visually displayed point direction,Contextual only,2026-09-27
STG,-0.038,0.27,positive,False,Agora,AD diagnosis RNA differential expression,CREB5,AD vs CN; males and females,False,Portal forest plot; printed CI endpoints and visually displayed point direction,Contextual only,2026-09-27
TCX,-0.064,0.32,positive,False,Agora,AD diagnosis RNA differential expression,CREB5,AD vs CN; males and females,False,Portal forest plot; printed CI endpoints and visually displayed point direction,Contextual only,2026-09-27
