file,sha256
source_data/gse268599_creb5_local_pathology.csv,a9d6f36d8f2c28b5621bbd40aceb7724af5455787420da04895494d776f7a22c
source_data/gse268599_creb5_braak.csv,3376f8d00171c9644b28aa8c0ad9a84b2d4db0e59db35820e1a00fda3725f4c6
source_data/gse268599_creb5_braak_additional.csv,f77ba5cad8f10155c8958c2efff1baf79763e648a29e9338daf48cdf5f73e081
source_data/gse268599_creb5_pathology_groups.csv,acde13c7fde108e953ac71a4f239540244cb5cb57fecddf2ab50db6165093b48
source_data/hpa_creb5_context.csv,9e116928a18711203b3e0413665e4f583f163a49213c76cb0d17f13233964dce
source_data/agora_creb5_overall_expression.csv,fe872f81805ed189bdb039c397082061cb619a0009c7e1dff9fb8950389c6a36
source_data/agora_creb5_rna_differential_expression.csv,4deac2523cdc13d0cf1a2832b2adaacc07b1cb61b65fc9a7ca143cb6ed352bbe
source_data/agora_creb5_ad_hallmarks.csv,39eb3a047570c6e4b0781d99cf57841f7dba68904ee552f50792d312f4ae0e80
source_data/agora_creb5_proteomics_availability.csv,61f6b8c480c165ff79b23884f4301c0e84313ec6062a8a229c7ffbc28d23883c
source_data/agora_creb5_metabolomics.csv,4e0a450165aacc20a4531f45b8f1389e852b829079015e8569f59a7d1045f23b
outputs/Table5_GSE268599_CREB5_context.csv,611da6c3fe2f1290c4aa315df379067fd30de7f97c52976a652092cbcff1b1bb
outputs/Supplementary_Table_S4_GSE268599_CREB5.csv,e3967efe9aaa7e822da485cce4192b154f6c9def7421a8cf66e3f7602454b604
outputs/Supplementary_Table_S4_GSE268599_CREB5.xlsx,ddf5ec24517bda92b16799d7b64a49eb55a60b1521fd3c6c848944ea708bff49
outputs/Supplementary_Table_S5_HPA_Agora_CREB5.csv,2bbb20c0ff7a70b1c7ec751f04adde2131d637d0d85b0434ae914ca83801ac12
outputs/Supplementary_Table_S5_HPA_Agora_CREB5.xlsx,655050cdf5d05a4279d37b3ae8086ee0f937616c47c4fa736dc04cd05720355e
outputs/Supplementary_Figure_S6_GSE268599_CREB5.png,c7c87e1d165120f8beac424013ecc10a06c3482c348d026f16329456f091fbc2
outputs/Supplementary_Figure_S6_GSE268599_CREB5.pdf,8f89c94dd4df6ced125702edb30db60f517b11ddb8c3cf1c03e22912a1344152
outputs/Supplementary_Figure_S6_GSE268599_CREB5.svg,4dd12215980dc1347b3699fc84f8bb7612092c98a1ab105eaf8efd6540959532
outputs/QA_gse268599_creb5_context.json,8e255cb5acd80cdc274e51560b95d9825f78e3bd722f0be0007ca4c9cdddee06
