Gene,Cell_type,Resource,Accession,Region,Analysis,Endpoint,Comparison_or_measure,Statistic,Statistic_value,Portal_P,Additional_BH_q,Direction,Multiplicity_family,Statistical_origin,Interpretation_note,Access_date
CREB5,astrocytes,AD Progression Atlas,GSE268599,EC,Local pathology correlation,Aβ plaque burden,CREB5 vs local Aβ,Pearson R,-0.091,0.71,0.97,negative,10 local-pathology tests (5 Aβ + 5 pTau/total tau),Portal-reported R and P,Additional BH correction calculated in present study.,2026-09-27
CREB5,astrocytes,AD Progression Atlas,GSE268599,EC,Local pathology correlation,pTau / total tau,CREB5 vs local pTau/total tau,Pearson R,-0.12,0.58,0.97,negative,10 local-pathology tests (5 Aβ + 5 pTau/total tau),Portal-reported R and P,Additional BH correction calculated in present study.,2026-09-27
CREB5,astrocytes,AD Progression Atlas,GSE268599,ITG,Local pathology correlation,Aβ plaque burden,CREB5 vs local Aβ,Pearson R,0.3,0.1,0.5,positive,10 local-pathology tests (5 Aβ + 5 pTau/total tau),Portal-reported R and P,Additional BH correction calculated in present study.,2026-09-27
CREB5,astrocytes,AD Progression Atlas,GSE268599,ITG,Local pathology correlation,pTau / total tau,CREB5 vs local pTau/total tau,Pearson R,0.25,0.17,0.5666666666666668,positive,10 local-pathology tests (5 Aβ + 5 pTau/total tau),Portal-reported R and P,Additional BH correction calculated in present study.,2026-09-27
CREB5,astrocytes,AD Progression Atlas,GSE268599,PFC,Local pathology correlation,Aβ plaque burden,CREB5 vs local Aβ,Pearson R,-0.0088,0.97,0.97,negative,10 local-pathology tests (5 Aβ + 5 pTau/total tau),Portal-reported R and P,Additional BH correction calculated in present study.,2026-09-27
CREB5,astrocytes,AD Progression Atlas,GSE268599,PFC,Local pathology correlation,pTau / total tau,CREB5 vs local pTau/total tau,Pearson R,0.1,0.61,0.97,positive,10 local-pathology tests (5 Aβ + 5 pTau/total tau),Portal-reported R and P,Additional BH correction calculated in present study.,2026-09-27
CREB5,astrocytes,AD Progression Atlas,GSE268599,V2,Local pathology correlation,Aβ plaque burden,CREB5 vs local Aβ,Pearson R,0.35,0.048,0.48,positive,10 local-pathology tests (5 Aβ + 5 pTau/total tau),Portal-reported R and P,Additional BH correction calculated in present study.,2026-09-27
CREB5,astrocytes,AD Progression Atlas,GSE268599,V2,Local pathology correlation,pTau / total tau,CREB5 vs local pTau/total tau,Pearson R,0.028,0.88,0.97,positive,10 local-pathology tests (5 Aβ + 5 pTau/total tau),Portal-reported R and P,Additional BH correction calculated in present study.,2026-09-27
CREB5,astrocytes,AD Progression Atlas,GSE268599,V1,Local pathology correlation,Aβ plaque burden,CREB5 vs local Aβ,Pearson R,-0.13,0.5,0.97,negative,10 local-pathology tests (5 Aβ + 5 pTau/total tau),Portal-reported R and P,Additional BH correction calculated in present study.,2026-09-27
CREB5,astrocytes,AD Progression Atlas,GSE268599,V1,Local pathology correlation,pTau / total tau,CREB5 vs local pTau/total tau,Pearson R,-0.042,0.82,0.97,negative,10 local-pathology tests (5 Aβ + 5 pTau/total tau),Portal-reported R and P,Additional BH correction calculated in present study.,2026-09-27
CREB5,astrocytes,AD Progression Atlas,GSE268599,EC,Braak-group comparison,Braak stage,B1 (0/I/II) vs B3 (V/VI),Portal pairwise comparison,,0.0317,0.0317,B3 > B1,5 displayed regional B1-vs-B3 comparisons,Portal-reported P,Additional BH correction calculated in present study; portal test method/internal multiplicity not independently verified.,2026-09-27
CREB5,astrocytes,AD Progression Atlas,GSE268599,ITG,Braak-group comparison,Braak stage,B1 (0/I/II) vs B3 (V/VI),Portal pairwise comparison,,0.000249,0.0004783333333333,B3 > B1,5 displayed regional B1-vs-B3 comparisons,Portal-reported P,Additional BH correction calculated in present study; portal test method/internal multiplicity not independently verified.,2026-09-27
CREB5,astrocytes,AD Progression Atlas,GSE268599,PFC,Braak-group comparison,Braak stage,B1 (0/I/II) vs B3 (V/VI),Portal pairwise comparison,,0.00831,0.0103875,B3 > B1,5 displayed regional B1-vs-B3 comparisons,Portal-reported P,Additional BH correction calculated in present study; portal test method/internal multiplicity not independently verified.,2026-09-27
CREB5,astrocytes,AD Progression Atlas,GSE268599,V2,Braak-group comparison,Braak stage,B1 (0/I/II) vs B3 (V/VI),Portal pairwise comparison,,0.000287,0.0004783333333333,B3 > B1,5 displayed regional B1-vs-B3 comparisons,Portal-reported P,Additional BH correction calculated in present study; portal test method/internal multiplicity not independently verified.,2026-09-27
CREB5,astrocytes,AD Progression Atlas,GSE268599,V1,Braak-group comparison,Braak stage,B1 (0/I/II) vs B3 (V/VI),Portal pairwise comparison,,1.58e-05,7.9e-05,B3 > B1,5 displayed regional B1-vs-B3 comparisons,Portal-reported P,Additional BH correction calculated in present study; portal test method/internal multiplicity not independently verified.,2026-09-27
CREB5,astrocytes,AD Progression Atlas,GSE268599,V1,Braak-group comparison,Braak stage,B1 (0/I/II) vs B2 (III/IV),Portal pairwise comparison,,0.0314,,B2 > B1,Not additionally corrected,Portal-reported P,Shown as descriptive additional portal comparison.,2026-09-27
CREB5,astrocytes,AD Progression Atlas,GSE268599,ITG,Pathology-group comparison,AD pathology group,1_vs_3,Portal pairwise comparison,,0.00317,,later group differs from group 1,Not additionally corrected,Portal-reported P,Descriptive only because the complete portal pairwise-comparison family was unavailable.,2026-09-27
CREB5,astrocytes,AD Progression Atlas,GSE268599,ITG,Pathology-group comparison,AD pathology group,1_vs_4,Portal pairwise comparison,,0.0128,,later group differs from group 1,Not additionally corrected,Portal-reported P,Descriptive only because the complete portal pairwise-comparison family was unavailable.,2026-09-27
CREB5,astrocytes,AD Progression Atlas,GSE268599,V2,Pathology-group comparison,AD pathology group,1_vs_3,Portal pairwise comparison,,0.00741,,later group differs from group 1,Not additionally corrected,Portal-reported P,Descriptive only because the complete portal pairwise-comparison family was unavailable.,2026-09-27
CREB5,astrocytes,AD Progression Atlas,GSE268599,V2,Pathology-group comparison,AD pathology group,1_vs_4,Portal pairwise comparison,,0.00538,,later group differs from group 1,Not additionally corrected,Portal-reported P,Descriptive only because the complete portal pairwise-comparison family was unavailable.,2026-09-27
CREB5,astrocytes,AD Progression Atlas,GSE268599,V1,Pathology-group comparison,AD pathology group,1_vs_3,Portal pairwise comparison,,0.000939,,later group differs from group 1,Not additionally corrected,Portal-reported P,Descriptive only because the complete portal pairwise-comparison family was unavailable.,2026-09-27
CREB5,astrocytes,AD Progression Atlas,GSE268599,V1,Pathology-group comparison,AD pathology group,1_vs_4,Portal pairwise comparison,,0.000939,,later group differs from group 1,Not additionally corrected,Portal-reported P,Descriptive only because the complete portal pairwise-comparison family was unavailable.,2026-09-27
